latitude,longitude,year,example_path,label
-1.935946282738646,110.56048863134012,2009,train_test_data/train/104.png,0
0.6876653142528579,102.76697736435676,2011,train_test_data/train/845.png,0
-1.1260173051268807,110.3123665324046,2010,train_test_data/train/220.png,0
1.1573711633437689,109.2088773429751,2011,train_test_data/train/1571.png,0
2.133896422188712,117.28324912655222,2009,train_test_data/train/1334.png,0
1.429488982681029,100.82363463176236,2010,train_test_data/train/1387.png,0
1.055313215026314,121.29481748429274,2012,train_test_data/train/2122.png,0
-1.89026535165766,112.39251489846492,2009,train_test_data/train/1648.png,0
-1.5382509055792477,112.79511125711272,2009,train_test_data/train/248.png,0
-1.1606938135335694,102.42495912759571,2013,train_test_data/train/1121.png,0
-2.241369072159769,112.68309388441908,2006,train_test_data/train/1044.png,0
-2.127486160221325,111.2629610845428,2006,train_test_data/train/2012.png,0
0.9963688110589246,109.33563613786283,2010,train_test_data/train/1840.png,0
-1.3386007397070736,122.33439563746956,2004,train_test_data/train/2093.png,0
0.0414333088524813,101.49754212283072,2010,train_test_data/train/2053.png,0
-7.29854739806456,140.82349705108336,2015,train_test_data/train/199.png,0
2.272934219328067,100.3283035320922,2008,train_test_data/train/1679.png,0
0.7580686343467239,109.93854993168956,2010,train_test_data/train/250.png,0
0.1090554094041887,104.62636556563844,2014,train_test_data/train/2161.png,0
0.8770956263409346,98.98610889987825,2009,train_test_data/train/639.png,0
-1.4539271055035994,103.16178283165716,2012,train_test_data/train/307.png,0
-0.6633849219450799,102.6833198028643,2005,train_test_data/train/1308.png,0
-0.7550084161444299,101.91900737425632,2012,train_test_data/train/815.png,0
-0.6882127416163102,115.6092030062666,2008,train_test_data/train/1691.png,0
-0.8456505305965698,128.31840273730327,2016,train_test_data/train/367.png,0
2.243241768146368,116.98206112188628,2015,train_test_data/train/437.png,0
-7.390155270788743,139.83743829871875,2015,train_test_data/train/2238.png,0
-1.9779297135379967,121.27919393146236,2009,train_test_data/train/1566.png,0
2.027157494129077,101.43943186737906,2007,train_test_data/train/71.png,0
-1.2117920947563012,114.96093916545296,2005,train_test_data/train/1871.png,0
-1.628007877947515,105.939705678403,2015,train_test_data/train/1596.png,0
-0.2315257952918978,102.34238926524868,2010,train_test_data/train/1242.png,0
2.7399696141702514,117.5980456096963,2011,train_test_data/train/1240.png,0
0.6700529811330634,99.270182156015,2013,train_test_data/train/1795.png,0
4.0368652488551415,116.86220025169273,2015,train_test_data/train/2231.png,0
-0.4331944822579508,109.87496135724037,2013,train_test_data/train/144.png,0
0.0429848501662192,111.56987742294427,2011,train_test_data/train/912.png,0
-2.0313788657087177,111.53653032802298,2009,train_test_data/train/225.png,0
0.4545007989654465,100.84709240513912,2004,train_test_data/train/2233.png,0
0.6143747961392713,113.01053310926712,2004,train_test_data/train/583.png,0
0.4557096958636572,100.45011767342,2007,train_test_data/train/262.png,0
0.9223328472994268,101.68295282872393,2012,train_test_data/train/119.png,0
-2.591583956947934,116.14508650805617,2007,train_test_data/train/1273.png,0
-2.668767671483724,104.61894710677542,2009,train_test_data/train/607.png,0
-1.7870638208079657,114.96047920110244,2003,train_test_data/train/181.png,0
-1.8806664692642177,111.7221681696664,2008,train_test_data/train/1924.png,0
3.6760623844855815,116.81306681280056,2013,train_test_data/train/1063.png,0
-1.0656685161788024,131.47778705979098,2011,train_test_data/train/822.png,0
4.084182992290288,117.09009268208372,2015,train_test_data/train/1811.png,0
0.959297079275904,99.04932832615133,2013,train_test_data/train/748.png,0
0.1634060239178983,101.89734416034251,2006,train_test_data/train/2234.png,0
-1.2032794219156904,102.4645346469202,2014,train_test_data/train/973.png,0
-3.782440460653662,116.11585091200192,2010,train_test_data/train/462.png,0
-3.0637016451773547,104.13267514788168,2009,train_test_data/train/131.png,0
-1.3478682873694396,110.52786683455288,2014,train_test_data/train/7.png,0
-0.7171391822765479,109.839657104693,2011,train_test_data/train/634.png,0
1.386193418464018,118.40042481398426,2013,train_test_data/train/1060.png,0
-1.8974967199187427,111.53907861329232,2009,train_test_data/train/1895.png,0
-0.2624184864178346,101.3008935679598,2011,train_test_data/train/712.png,0
0.8689597723476001,102.7121748268982,2016,train_test_data/train/1300.png,0
0.6154148793279984,109.15797326602797,2009,train_test_data/train/677.png,0
1.5925576167248212,102.07813106629116,2003,train_test_data/train/874.png,0
-0.1071029866579199,109.9286445213128,2010,train_test_data/train/268.png,0
0.8836389313862602,101.93077208562356,2007,train_test_data/train/1495.png,0
-1.7086522941428444,115.09692650133996,2016,train_test_data/train/1771.png,0
1.2232562863227183,100.70221730120872,2014,train_test_data/train/1348.png,0
-1.0459323016426607,114.22633665467036,2008,train_test_data/train/1946.png,0
-1.4363978660530368,103.75128635201706,2014,train_test_data/train/625.png,0
-1.4457204118957798,110.63135478315436,2011,train_test_data/train/2253.png,0
-0.3625135530879727,102.76224349050096,2010,train_test_data/train/1718.png,0
3.9810567866402886,96.69770539329436,2011,train_test_data/train/1142.png,0
-0.4994774513360261,102.62508411687652,2007,train_test_data/train/417.png,0
4.187354781086748,96.50903778013684,2013,train_test_data/train/372.png,0
0.5220323916644618,111.83838947716544,2011,train_test_data/train/965.png,0
-1.5227673461299969,113.95393336664216,2016,train_test_data/train/1622.png,0
-2.133329760712181,111.32848656933932,2009,train_test_data/train/2022.png,0
2.115451347303297,98.85901311241872,2013,train_test_data/train/1306.png,0
1.3727166064054972,118.26307240704244,2016,train_test_data/train/186.png,0
-2.004875064409574,121.2865566583112,2008,train_test_data/train/1650.png,0
-0.9810864861887548,110.42093779760152,2011,train_test_data/train/619.png,0
-1.2435636663647147,114.13116509320103,2013,train_test_data/train/2252.png,0
1.4956398638782444,109.76767702303444,2005,train_test_data/train/123.png,0
0.2153239792351276,109.448430873536,2015,train_test_data/train/2124.png,0
-2.997460100482931,101.72974569133724,2001,train_test_data/train/1676.png,0
1.354346058896725,116.84417253221076,2016,train_test_data/train/152.png,0
-0.1798016132634596,102.82756254085926,2011,train_test_data/train/1520.png,0
-0.6719774208348164,115.60299254571709,2007,train_test_data/train/1508.png,0
-2.3972412116688844,110.4939559976366,2011,train_test_data/train/831.png,0
-0.4046434105978151,102.336199081113,2007,train_test_data/train/1321.png,0
0.5953264294915233,102.85081025579882,2012,train_test_data/train/2179.png,0
-0.3931082047551969,110.2838158564629,2008,train_test_data/train/180.png,0
-2.1749057066185644,110.62788995104307,2012,train_test_data/train/1657.png,0
-0.9588688616051654,114.23256239566648,2013,train_test_data/train/2331.png,0
-2.397008315120156,111.30759682516172,2001,train_test_data/train/659.png,0
0.8123603358261604,101.8156424092222,2010,train_test_data/train/25.png,0
-3.472788353951467,122.21328226475492,2012,train_test_data/train/1870.png,0
-0.9505518898962996,103.08047286569412,2001,train_test_data/train/1185.png,0
-1.3190735737904742,116.37775604302068,2012,train_test_data/train/2167.png,0
-1.7716905595701304,110.11615048405062,2009,train_test_data/train/978.png,0
-2.4456431594956363,112.9231604042588,2007,train_test_data/train/1583.png,0
1.0746130608121698,110.23168460937184,2015,train_test_data/train/899.png,0
0.9153239351111896,110.19396527988329,2008,train_test_data/train/1245.png,0
-0.1246013321227824,109.9325213600993,2009,train_test_data/train/165.png,0
0.0735630338277488,101.61646964636792,2008,train_test_data/train/1896.png,0
1.011879812929363,118.923357822525,2004,train_test_data/train/2100.png,0
0.1819868041000285,101.1719049244522,2007,train_test_data/train/2126.png,0
-0.2000017445964943,109.76034434879142,2015,train_test_data/train/1154.png,0
0.5281756694866891,102.28426604764368,2010,train_test_data/train/813.png,0
-2.219997483497455,111.6629607793474,2002,train_test_data/train/493.png,0
-1.2410245267255993,103.3088750378228,2006,train_test_data/train/2262.png,0
0.8575136470263292,102.70313265890724,2002,train_test_data/train/214.png,0
0.3415931972630566,111.63950445725716,2009,train_test_data/train/909.png,0
-1.504125574042344,113.18795087350306,2014,train_test_data/train/1376.png,0
-2.103787812172885,102.7232638198844,2009,train_test_data/train/232.png,0
-0.3110388700177509,101.87003516065036,2004,train_test_data/train/1419.png,0
0.1988170913820652,103.08322230792402,2010,train_test_data/train/2290.png,0
-2.892043456321992,110.64022717164828,2012,train_test_data/train/257.png,0
-0.1322494780881543,102.96182684249182,2005,train_test_data/train/1476.png,0
0.2159390801309212,101.85365810579457,2004,train_test_data/train/814.png,0
-0.5933906244229882,101.98430491363584,2010,train_test_data/train/680.png,0
0.7563394310974169,108.9514214734172,2007,train_test_data/train/1120.png,0
1.063548434101465,111.20612480195189,2007,train_test_data/train/1863.png,0
-0.1250575216810663,111.7796089998056,2011,train_test_data/train/1821.png,0
0.2451784055568104,102.37378390514556,2004,train_test_data/train/2236.png,0
-2.793696484179539,111.7669774075222,2014,train_test_data/train/1429.png,0
-2.1320977868525044,116.30496966648283,2006,train_test_data/train/416.png,0
-1.811279566106345,113.65831287361618,2003,train_test_data/train/2175.png,0
1.0027367934334916,102.4035457474816,2015,train_test_data/train/809.png,0
-0.7225846998573321,101.95020583660236,2006,train_test_data/train/105.png,0
0.6520782122173547,121.84243435256936,2011,train_test_data/train/2004.png,0
-2.8708462887913,140.9008494955277,2011,train_test_data/train/1591.png,0
-1.4301940377621842,103.7431743141683,2007,train_test_data/train/231.png,0
0.3658880389302897,101.4233132482858,2010,train_test_data/train/1608.png,0
0.8003489130784054,110.85700187864744,2006,train_test_data/train/279.png,0
-1.36256774674133,103.09737609067524,2007,train_test_data/train/853.png,0
0.1166331132810385,111.663355250152,2011,train_test_data/train/68.png,0
-1.1672384222971353,115.04365930981916,2004,train_test_data/train/1704.png,0
0.4043911603466164,101.9879501903813,2010,train_test_data/train/1500.png,0
-2.0673134912810296,116.14499540784094,2012,train_test_data/train/364.png,0
1.4774512967491982,109.7903991761138,2007,train_test_data/train/10.png,0
-0.4416439518615024,102.30357920787534,2006,train_test_data/train/522.png,0
0.1135852561366193,101.49376542420347,2012,train_test_data/train/2015.png,0
-0.9884207580684884,101.93012933746957,2010,train_test_data/train/245.png,0
-1.079671982560119,110.31392008942544,2008,train_test_data/train/200.png,0
3.827167576788169,116.75122575017495,2015,train_test_data/train/142.png,0
-3.1635131132255494,118.86697383994456,2007,train_test_data/train/335.png,0
0.3282486832878823,102.15481912034542,2007,train_test_data/train/2133.png,0
-1.8393822552914143,101.93443368872028,2011,train_test_data/train/1954.png,0
3.1051493156425662,117.26803274577664,2007,train_test_data/train/1584.png,0
-2.57515844800676,119.29421915368349,2010,train_test_data/train/1635.png,0
-1.5308062352178942,102.63491807916348,2007,train_test_data/train/414.png,0
-0.7263339572616933,102.74389222833254,2008,train_test_data/train/303.png,0
1.4003549077869462,109.54755858645474,2010,train_test_data/train/1549.png,0
1.3888496945122737,101.6517719985258,2011,train_test_data/train/1971.png,0
-1.1223335942568398,115.03776581768469,2007,train_test_data/train/1447.png,0
-3.400782976975373,135.1302676558402,2015,train_test_data/train/839.png,0
-7.398316574772504,140.5218025031175,2012,train_test_data/train/276.png,0
0.6320887166976431,102.85567488674693,2011,train_test_data/train/1995.png,0
-1.1868942671811935,113.99911359124611,2013,train_test_data/train/1402.png,0
-0.1386664627430906,102.91701863462625,2015,train_test_data/train/1535.png,0
-2.2781594322950265,112.88453334580927,2006,train_test_data/train/1100.png,0
-0.8105356831105567,109.7549443060638,2014,train_test_data/train/662.png,0
-2.232911560112264,111.74208682132988,2007,train_test_data/train/1350.png,0
2.0390709931087683,101.45610362854497,2015,train_test_data/train/1127.png,0
2.1891176061235647,117.26086696031444,2008,train_test_data/train/490.png,0
-2.6752518456235763,104.60095856184196,2012,train_test_data/train/128.png,0
-1.9709564423148769,111.70478611978236,2010,train_test_data/train/837.png,0
-2.432855865069344,111.56175548415656,2011,train_test_data/train/2029.png,0
-6.742059756640834,140.52447565833694,2013,train_test_data/train/1979.png,0
2.401672518066724,100.28327129266786,2007,train_test_data/train/1046.png,0
-3.7989835477338274,116.22773276801476,2015,train_test_data/train/1293.png,0
-2.7037841898991792,111.81187182173352,2014,train_test_data/train/854.png,0
2.71291876103764,99.03784519737896,2008,train_test_data/train/1586.png,0
2.5164896819136167,117.53846630651516,2015,train_test_data/train/1855.png,0
1.4499264071953166,109.76658993282275,2008,train_test_data/train/1379.png,0
-3.0840346079296213,121.8725290769992,2009,train_test_data/train/1866.png,0
0.9237011270216822,100.6704069094759,2009,train_test_data/train/834.png,0
4.214331317658681,97.81871909764403,2011,train_test_data/train/859.png,0
-1.7683267621389382,104.17332558298271,2013,train_test_data/train/529.png,0
-2.17861587006991,111.19886400446909,2006,train_test_data/train/456.png,0
-0.5089309785269954,102.66944456726527,2008,train_test_data/train/1343.png,0
2.078271232266398,101.23544256817736,2010,train_test_data/train/682.png,0
1.4150008036895445,100.53692377965928,2009,train_test_data/train/1909.png,0
1.3490922986969638,102.27823847073122,2014,train_test_data/train/2194.png,0
0.2584764324320208,101.12189177099783,2006,train_test_data/train/1950.png,0
0.1560989585824027,102.33444522746308,2004,train_test_data/train/1353.png,0
1.8386545056934216,100.64039651415015,2002,train_test_data/train/2035.png,0
-0.7061637954672443,102.41353803440948,2007,train_test_data/train/994.png,0
1.3206143374241668,99.59939471003204,2013,train_test_data/train/479.png,0
-1.6485308418819529,112.80630409906,2007,train_test_data/train/2160.png,0
-2.6605127565207964,112.59231056840808,2008,train_test_data/train/703.png,0
-0.6398530811159132,102.64610084284814,2008,train_test_data/train/1314.png,0
0.2449291330428534,101.12582190036586,2005,train_test_data/train/2171.png,0
1.322413623295608,101.86068638525336,2004,train_test_data/train/1184.png,0
0.8897960435009524,101.77744203859244,2009,train_test_data/train/1373.png,0
1.59359548734193,101.70632239306532,2006,train_test_data/train/2336.png,0
-0.8372156550239703,102.90613856648908,2016,train_test_data/train/1355.png,1
-2.6431052538018363,121.70217802325708,2016,train_test_data/train/1286.png,1
2.960455341336216,97.47972688138076,2012,train_test_data/train/377.png,1
-1.0234833765371214,115.27186217398123,2014,train_test_data/train/1903.png,1
-1.925666625490685,114.01710530413776,2016,train_test_data/train/573.png,1
-0.9199641024698234,109.9037738956944,2015,train_test_data/train/369.png,1
-2.165242287281381,132.45090310584968,2015,train_test_data/train/1758.png,1
-2.066892040289288,114.81593459964688,2016,train_test_data/train/1632.png,1
-0.8027059777249008,100.94698652792972,2013,train_test_data/train/1344.png,1
-2.2049955629690934,101.00441458971711,2014,train_test_data/train/1085.png,1
-3.068283994649564,130.1057966926063,2013,train_test_data/train/1923.png,1
-1.4754314678302158,121.60094250824528,2013,train_test_data/train/633.png,1
0.6305560092046333,127.88229675846404,2016,train_test_data/train/2158.png,1
-7.69806404211952,140.05357740050007,2012,train_test_data/train/1748.png,1
-2.7342480801600386,113.00569639065844,2016,train_test_data/train/1849.png,1
-1.2057097654599362,104.34431160842873,2015,train_test_data/train/545.png,1
-2.84850280631142,106.28374854322956,2016,train_test_data/train/1581.png,1
1.9255677346586475,100.63010363665566,2012,train_test_data/train/2332.png,1
-1.1022577587549884,120.0473797228838,2014,train_test_data/train/461.png,1
-2.02137529209571,104.104815045563,2016,train_test_data/train/1409.png,1
-2.6400149275029814,140.82776419731223,2012,train_test_data/train/932.png,1
-1.5894253958218052,114.77255371885558,2016,train_test_data/train/1764.png,1
0.9387620647089842,101.97504234960024,2014,train_test_data/train/1556.png,1
-1.1293867883188635,109.69000016689589,2015,train_test_data/train/567.png,1
-0.9978287975626732,103.31448268686044,2016,train_test_data/train/1619.png,1
-2.3132777507702533,112.7125333532712,2016,train_test_data/train/50.png,1
-1.384198150755758,113.2072641564893,2014,train_test_data/train/935.png,1
-2.114315044772064,103.2851472645682,2015,train_test_data/train/139.png,1
-2.5053276265192137,111.26302656683426,2016,train_test_data/train/617.png,1
-2.11493027995832,110.23161145844044,2015,train_test_data/train/543.png,1
-1.4164815478738493,121.17161244041972,2015,train_test_data/train/1961.png,1
-1.7458716341388103,115.297408464031,2012,train_test_data/train/879.png,1
-2.1013864381114606,110.14442846456438,2015,train_test_data/train/1377.png,1
-3.523636603413205,116.14728014533642,2012,train_test_data/train/2156.png,1
-0.3326517390611736,109.5238142226962,2014,train_test_data/train/1354.png,1
-1.6655276613404206,128.1211044868538,2015,train_test_data/train/1496.png,1
-2.334838886385819,114.3039338807062,2016,train_test_data/train/1948.png,1
0.6870671253217097,128.22567218885146,2015,train_test_data/train/1159.png,1
-3.0195749500256754,112.87092537448363,2014,train_test_data/train/2075.png,1
-1.9812776811513368,102.05471461178142,2013,train_test_data/train/1313.png,1
-2.777511946938761,110.45671782908975,2016,train_test_data/train/669.png,1
1.906280866773408,98.66021594004305,2014,train_test_data/train/1967.png,1
-1.267620207493796,121.59794324547352,2016,train_test_data/train/670.png,1
-3.275709737935792,102.29320506996132,2012,train_test_data/train/818.png,1
-2.7594936553073435,110.44068664337506,2014,train_test_data/train/963.png,1
-2.3633314637666234,114.0727310450528,2015,train_test_data/train/2109.png,1
-3.4826753419531133,126.31108882879484,2015,train_test_data/train/124.png,1
-3.4487908333845656,113.658493696937,2016,train_test_data/train/1890.png,1
-1.8641283483912297,103.89990794402227,2016,train_test_data/train/1925.png,1
-1.8963258594704733,114.9951928884913,2016,train_test_data/train/2183.png,1
1.1355194382203897,101.06993450653358,2012,train_test_data/train/393.png,1
-6.6462730568093065,139.11886053310522,2012,train_test_data/train/133.png,1
-2.7754243364953948,110.82005870721018,2016,train_test_data/train/2250.png,1
0.7512339798998314,108.99151931986027,2015,train_test_data/train/435.png,1
-3.7970518967881945,134.94375417056514,2015,train_test_data/train/927.png,1
-1.0290835510459722,113.7634940406414,2013,train_test_data/train/1702.png,1
-0.8242399135743939,109.2955916465706,2016,train_test_data/train/325.png,1
-3.0142800472576936,107.63797888953356,2015,train_test_data/train/47.png,1
0.4713424793434545,109.14614245373608,2012,train_test_data/train/355.png,1
1.1491201171851764,100.91812338600526,2013,train_test_data/train/2295.png,1
0.8602410890403347,112.12688164016708,2012,train_test_data/train/53.png,1
-3.190706405497685,119.07501809409764,2013,train_test_data/train/2227.png,1
-2.2232318584932966,110.1966503132912,2015,train_test_data/train/1754.png,1
-2.404609417863887,119.9257641664192,2016,train_test_data/train/999.png,1
2.785058212718828,97.95238841192104,2015,train_test_data/train/740.png,1
2.6393313421653,117.51795516982278,2014,train_test_data/train/1536.png,1
-2.5870794656190825,113.32203035057329,2016,train_test_data/train/148.png,1
-1.8411549030934533,115.0100302273137,2016,train_test_data/train/1161.png,1
-1.5973927501748606,115.67409906575158,2016,train_test_data/train/112.png,1
3.1305199137831003,98.73992053045548,2013,train_test_data/train/1038.png,1
-1.2095927346679962,122.0405465386496,2016,train_test_data/train/1385.png,1
0.4512648435579157,121.91719440401955,2013,train_test_data/train/1618.png,1
-2.828573519778114,113.86916672344108,2016,train_test_data/train/1711.png,1
5.005655348060245,96.80570749494788,2016,train_test_data/train/971.png,1
-1.6570130638305265,120.77985025587137,2016,train_test_data/train/642.png,1
-3.050401640415584,101.85162668923464,2013,train_test_data/train/1015.png,1
1.3077203515654487,101.60781296606018,2016,train_test_data/train/1989.png,1
-2.156879329598625,113.44574141215662,2015,train_test_data/train/102.png,1
-4.191650597747334,103.90852742967036,2013,train_test_data/train/191.png,1
0.5998575344583185,100.33643465631442,2012,train_test_data/train/1428.png,1
1.7263126974741116,101.25807937582243,2014,train_test_data/train/1123.png,1
-1.3762621884305652,110.10233135013468,2015,train_test_data/train/1194.png,1
-2.624204526365829,111.9666265837428,2012,train_test_data/train/491.png,1
2.4820026031058484,117.85423254159512,2012,train_test_data/train/1640.png,1
1.1862135810512802,99.05774423219988,2012,train_test_data/train/2173.png,1
-2.6091522344680733,111.6140914900538,2015,train_test_data/train/1857.png,1
1.747919122370028,98.69534029119308,2013,train_test_data/train/326.png,1
-2.1348429992476423,132.49006025098222,2015,train_test_data/train/1526.png,1
-1.984411914626649,104.10333282534422,2014,train_test_data/train/1483.png,1
-1.2791406467079718,109.44345811565684,2016,train_test_data/train/467.png,1
2.41825274644842,99.56578419715514,2012,train_test_data/train/342.png,1
1.134086107736949,99.70086928093129,2013,train_test_data/train/176.png,1
-0.0542746902152846,115.5008791371605,2016,train_test_data/train/1860.png,1
1.817775781773076,101.19291318619284,2013,train_test_data/train/1940.png,1
-2.605551013119217,112.8295132917492,2016,train_test_data/train/1180.png,1
-1.237501943250666,113.82548275344251,2014,train_test_data/train/1938.png,1
-1.171403651195836,109.45815763382916,2012,train_test_data/train/1751.png,1
-1.792135917576434,114.9291898400184,2016,train_test_data/train/1359.png,1
0.1484277526675046,101.4863202521978,2016,train_test_data/train/1949.png,1
-1.7144966034777689,104.0340483477474,2015,train_test_data/train/1131.png,1
-2.1618633673924323,114.37339153415957,2015,train_test_data/train/1403.png,1
-0.8661208479223277,109.706775166135,2015,train_test_data/train/969.png,1
4.230402393311787,96.12375441807676,2013,train_test_data/train/915.png,1
-1.4225266826629648,102.7988441036238,2016,train_test_data/train/1415.png,1
-1.3425694121887497,110.11039198418248,2015,train_test_data/train/475.png,1
1.6612499890041688,109.37334763391856,2014,train_test_data/train/1252.png,1
1.6252931872071943,101.18921130461725,2013,train_test_data/train/1774.png,1
-2.941049444769288,111.8240295599665,2016,train_test_data/train/828.png,1
-2.6297068153279044,110.683961179211,2016,train_test_data/train/856.png,1
-2.3616433785837136,114.34703831502355,2015,train_test_data/train/2072.png,1
2.021788868501325,117.6594796679378,2015,train_test_data/train/2184.png,1
-2.7681854425771344,112.7853164843855,2013,train_test_data/train/1639.png,1
-6.945619439587135,139.83898856408186,2015,train_test_data/train/1919.png,1
-1.997319117433343,121.23166091825044,2015,train_test_data/train/981.png,1
-1.7983613224032295,105.653592382299,2014,train_test_data/train/998.png,1
-3.402898224825832,114.3137954580894,2015,train_test_data/train/1787.png,1
1.624771740314496,109.55894673862127,2015,train_test_data/train/1588.png,1
-1.720266384577504,115.00699582064485,2016,train_test_data/train/0.png,1
0.0422365155876666,101.94322532979788,2014,train_test_data/train/154.png,1
-2.1221218265818265,110.16638065050104,2014,train_test_data/train/63.png,1
-2.411856221818029,114.25850476760462,2012,train_test_data/train/2265.png,1
-2.047258230151768,104.26179564146292,2015,train_test_data/train/1452.png,1
0.5517506374000314,127.92034423896143,2016,train_test_data/train/67.png,1
-2.6885524459211765,111.79120114604476,2016,train_test_data/train/629.png,1
-3.1459512833426926,112.28234045697428,2016,train_test_data/train/787.png,1
0.5337463123106667,108.99492904196026,2014,train_test_data/train/2204.png,1
1.5516794963418898,101.64918163159211,2014,train_test_data/train/2071.png,1
-2.708165998610854,110.565667965547,2016,train_test_data/train/1562.png,1
-1.3871879564736047,121.17198642997776,2015,train_test_data/train/2255.png,1
1.3773666300605616,100.83686620976069,2016,train_test_data/train/1401.png,1
-2.5243860584670275,111.49944130144868,2012,train_test_data/train/23.png,1
-2.116734882290118,113.75951314559872,2016,train_test_data/train/1593.png,1
-1.9971142360037628,104.11237495453676,2016,train_test_data/train/1649.png,1
-2.0283624294420783,132.4793586126467,2015,train_test_data/train/291.png,1
-2.100212414847971,104.27097618915684,2015,train_test_data/train/1670.png,1
0.908088103161242,127.95740046356693,2016,train_test_data/train/1101.png,1
-1.7294046730021804,114.56944473162756,2016,train_test_data/train/425.png,1
1.0383661957202504,101.12583744813038,2012,train_test_data/train/1230.png,1
-3.7302808223511295,126.48872544877196,2016,train_test_data/train/497.png,1
-1.3084777100126748,121.60930200311914,2015,train_test_data/train/373.png,1
-1.0213117896074542,110.1836705108667,2015,train_test_data/train/778.png,1
2.655212979627176,97.83894616345812,2015,train_test_data/train/2121.png,1
-1.3950531776813615,104.03186929246044,2014,train_test_data/train/1820.png,1
4.893243498963533,96.67530556160123,2013,train_test_data/train/1631.png,1
0.9308653910589202,112.11972563263188,2016,train_test_data/train/521.png,1
-1.580263463333781,103.95892284783956,2013,train_test_data/train/51.png,1
-2.726519748149168,111.8791648966042,2014,train_test_data/train/1768.png,1
-2.696686378495828,111.06277783788651,2015,train_test_data/train/1440.png,1
-1.899875608170343,110.13542235125472,2015,train_test_data/train/334.png,1
-2.932014358276014,111.6404871468682,2015,train_test_data/train/371.png,1
1.564306500468656,101.08262701018572,2012,train_test_data/train/2257.png,1
0.6531057424188179,101.71446134716275,2014,train_test_data/train/1666.png,1
-1.0995709144052763,121.59326201056416,2016,train_test_data/train/466.png,1
0.3516401007243539,109.07187399005431,2015,train_test_data/train/184.png,1
-2.306698630249133,115.13142516494416,2016,train_test_data/train/586.png,1
-2.253853911695052,114.39660399341976,2016,train_test_data/train/1517.png,1
1.90807800349643,109.47578677669132,2015,train_test_data/train/1388.png,1
-2.7362631577998577,105.92759367072364,2016,train_test_data/train/823.png,1
-2.357310103893956,112.67253397480808,2015,train_test_data/train/1146.png,1
4.242044455103864,96.1188909923086,2013,train_test_data/train/785.png,1
-1.8973338981900627,116.0313097178584,2014,train_test_data/train/459.png,1
-2.3082038922768096,101.97348931322836,2014,train_test_data/train/761.png,1
-0.976466588161591,122.26386437231488,2016,train_test_data/train/898.png,1
-2.1453310746217573,114.33563544952436,2016,train_test_data/train/1498.png,1
-1.8890796796802705,114.99928698684856,2015,train_test_data/train/2016.png,1
1.0864621335220896,101.701291625641,2014,train_test_data/train/1953.png,1
-2.2267620296734965,119.21147801955824,2015,train_test_data/train/30.png,1
-3.2550456494157487,112.71547440130944,2016,train_test_data/train/1330.png,1
1.8991825699472704,100.59212073949948,2013,train_test_data/train/1947.png,1
-2.7071728102954675,110.50886158691748,2012,train_test_data/train/1502.png,1
-3.4551333576890872,122.07322755801825,2015,train_test_data/train/2185.png,1
-2.6382927533013327,114.08002237077562,2016,train_test_data/train/1736.png,1
-3.073686622229896,113.70844019277445,2015,train_test_data/train/781.png,1
-2.5089666123669736,120.90780397940028,2016,train_test_data/train/1732.png,1
-1.86527217309229,114.86793048026692,2016,train_test_data/train/1752.png,1
2.2067629790466814,117.81975544762992,2015,train_test_data/train/865.png,1
-6.350944654502437,138.50397976246978,2015,train_test_data/train/365.png,1
1.0511996322575354,128.1370740699723,2016,train_test_data/train/2140.png,1
0.9753735667231966,101.83671661373604,2014,train_test_data/train/1796.png,1
-6.817177870811642,140.17364535476554,2016,train_test_data/train/412.png,1
-3.2967602166813386,112.25700549242028,2016,train_test_data/train/2110.png,1
-0.9637377969912838,134.84660137258766,2012,train_test_data/train/1713.png,1
-0.7411709683819494,101.10035466206108,2014,train_test_data/train/1710.png,1
0.2157706166790329,102.66924715014976,2014,train_test_data/train/1274.png,1
-1.2730665736815745,104.37481392520928,2016,train_test_data/train/609.png,1
0.0980136321839975,102.938172986077,2014,train_test_data/train/2192.png,1
-0.8492015835794751,102.27496754216428,2015,train_test_data/train/1435.png,1
-1.4472514383939874,132.3660384627842,2014,train_test_data/train/1809.png,1
-4.993862278881021,105.7416717220144,2012,train_test_data/train/375.png,1
-1.4682602978763235,121.60823959239936,2013,train_test_data/train/270.png,1
1.6740793088075938,109.33285411864004,2014,train_test_data/train/699.png,1
-6.500507554177679,138.7047210828745,2015,train_test_data/train/1627.png,1
-2.9502909026343387,133.19360463854133,2015,train_test_data/train/2222.png,1
-2.2518855745156787,114.66411646417768,2016,train_test_data/train/1750.png,1
-0.9782308558452903,110.18301896985152,2015,train_test_data/train/352.png,1
0.4433965957265645,112.20016289146292,2012,train_test_data/train/1486.png,1
-1.9893492695440689,105.3094958446698,2013,train_test_data/train/1199.png,2
-1.8412608980999696,101.1914438318708,2016,train_test_data/train/731.png,2
-0.2132953910193998,109.5629566309416,2001,train_test_data/train/322.png,2
3.900107581434965,98.14206688209562,2006,train_test_data/train/1808.png,2
2.0384322761384253,100.45026238567024,2010,train_test_data/train/956.png,2
1.446543071130837,100.79977801432716,2007,train_test_data/train/1384.png,2
-3.2318785258524807,120.15688272271746,2016,train_test_data/train/881.png,2
-4.737488890560999,122.86916457830236,2016,train_test_data/train/1109.png,2
0.6017638030560312,111.760817472392,2015,train_test_data/train/1311.png,2
-1.117901069624485,120.53856116642235,2004,train_test_data/train/1945.png,2
0.178321875307466,99.95123873376822,2006,train_test_data/train/348.png,2
0.5135328328566979,123.94237883842072,2015,train_test_data/train/752.png,2
-1.2622228540591258,103.55727658941927,2016,train_test_data/train/1671.png,2
-1.6649320842430029,101.77347449348832,2010,train_test_data/train/1356.png,2
0.5261492924467183,122.89465126467,2013,train_test_data/train/1563.png,2
-0.1979333788080346,101.67838863355956,2013,train_test_data/train/1173.png,2
0.3623063473805099,109.03570676334002,2014,train_test_data/train/708.png,2
1.4276554303838869,101.38171360506864,2007,train_test_data/train/532.png,2
-1.219154434022972,127.51796562168371,2006,train_test_data/train/1068.png,2
-4.89266085967654,104.11377574052212,2009,train_test_data/train/237.png,2
1.6338084962042256,101.11083006706828,2009,train_test_data/train/2286.png,2
-0.7181714821092047,102.70772566274022,2011,train_test_data/train/266.png,2
-2.7410409670166613,107.78397639909126,2009,train_test_data/train/1557.png,2
1.863153649081798,101.6865109994196,2011,train_test_data/train/48.png,2
-3.133593842298786,121.16905761962644,2009,train_test_data/train/73.png,2
1.078592970279979,101.9370006019258,2015,train_test_data/train/942.png,2
-4.121956012189471,121.84180038819804,2004,train_test_data/train/709.png,2
0.5836460293057096,101.3571521412998,2003,train_test_data/train/397.png,2
1.6666319649307144,100.94085563926215,2010,train_test_data/train/1738.png,2
-4.544508938105066,103.76959440591428,2012,train_test_data/train/2169.png,2
-0.2774138479522847,100.03807438070764,2008,train_test_data/train/582.png,2
3.880213941094018,96.64500872394774,2009,train_test_data/train/2237.png,2
2.2870069008777785,117.90576128367802,2016,train_test_data/train/1219.png,2
-2.8114461189616136,129.39070146079334,2014,train_test_data/train/840.png,2
1.0062583555979814,101.94766564254272,2014,train_test_data/train/1432.png,2
1.560003531826938,101.28124377640611,2012,train_test_data/train/1534.png,2
0.6558008740728231,99.80260348685783,2006,train_test_data/train/905.png,2
0.5689196487305107,121.5224950844339,2015,train_test_data/train/1887.png,2
-1.016897748330572,101.90829942859816,2016,train_test_data/train/83.png,2
-2.747439522495428,140.58682488661128,2003,train_test_data/train/2045.png,2
3.7700254184025823,96.59935715992134,2015,train_test_data/train/733.png,2
-2.550952318269073,101.36554272382484,2011,train_test_data/train/1905.png,2
0.1275622735943217,103.33055307987316,2007,train_test_data/train/768.png,2
0.5588345788573946,121.93890207500556,2004,train_test_data/train/751.png,2
-2.945313412313345,121.43367665149988,2015,train_test_data/train/1280.png,2
0.0892864553864325,112.06668446918378,2012,train_test_data/train/2240.png,2
2.082609151810201,100.76031108127285,2012,train_test_data/train/1103.png,2
0.5031332884254455,100.64220254692688,2013,train_test_data/train/1506.png,2
-0.7853257770569628,102.6009005126543,2008,train_test_data/train/1760.png,2
2.196312470704916,99.51478326982593,2003,train_test_data/train/2270.png,2
-0.8722092692135042,102.97133125210952,2010,train_test_data/train/485.png,2
-1.8235120745166045,115.66265382208093,2005,train_test_data/train/2196.png,2
0.0372916376885715,111.4569524353762,2007,train_test_data/train/18.png,2
-0.4201568758610633,102.86994869019289,2011,train_test_data/train/1457.png,2
-1.35695687006635,120.56646335740594,2005,train_test_data/train/672.png,2
-0.1589445612083548,101.19219296973137,2008,train_test_data/train/1991.png,2
-2.2937931422890605,119.37727327019223,2010,train_test_data/train/2018.png,2
1.0396055789787129,100.90742348849074,2012,train_test_data/train/2340.png,2
-8.204916404126621,113.98179159445716,2008,train_test_data/train/304.png,2
2.1991623764026023,101.03758651758784,2010,train_test_data/train/624.png,2
-2.5338046683051108,121.33183143453456,2013,train_test_data/train/2258.png,2
1.8994028326497048,101.6666504494208,2009,train_test_data/train/1302.png,2
1.0807276510804735,110.00216505427927,2015,train_test_data/train/254.png,2
1.0159401226864335,121.28758019330157,2003,train_test_data/train/2323.png,2
-2.375918704262056,101.78675737065682,2013,train_test_data/train/72.png,2
1.0374825552064555,122.0903446750336,2015,train_test_data/train/997.png,2
-2.043385659595617,119.4107917192788,2006,train_test_data/train/1867.png,2
-0.2176354157547428,102.27044153154372,2005,train_test_data/train/1073.png,2
-3.8652341522669618,102.60902588394984,2006,train_test_data/train/1444.png,2
1.7713860423066294,100.84869056774708,2009,train_test_data/train/2104.png,2
-0.88839100641783,119.61996481062944,2010,train_test_data/train/354.png,2
-0.9229292004854563,102.34604429580013,2015,train_test_data/train/850.png,2
1.7754867429334913,98.66168748720897,2012,train_test_data/train/653.png,2
-1.8883927312802904,111.80630895519836,2010,train_test_data/train/1705.png,2
-1.377152844449414,119.55889327380774,2007,train_test_data/train/2095.png,2
0.0777146248847135,102.24353844287774,2005,train_test_data/train/941.png,2
0.0223250640082537,99.9080450320122,2004,train_test_data/train/970.png,2
2.6103173191190083,100.25617116595082,2013,train_test_data/train/797.png,2
0.5744787072537153,123.86439384281807,2014,train_test_data/train/1851.png,2
1.7118773380048615,101.08805342588774,2012,train_test_data/train/1770.png,2
-4.377436662899859,121.91838788003987,2006,train_test_data/train/1602.png,2
-1.4968534180737507,112.26920106315131,2009,train_test_data/train/1922.png,2
-3.2781554276192004,102.4699261442297,2008,train_test_data/train/363.png,2
-2.316598869721927,115.9834353461697,2015,train_test_data/train/792.png,2
-1.1590804024849108,112.32291206056732,2012,train_test_data/train/108.png,2
-4.214473536603443,123.12634016586716,2006,train_test_data/train/985.png,2
0.7145739863328793,122.92294438251712,2006,train_test_data/train/687.png,2
-3.522097330648416,116.14877540409876,2004,train_test_data/train/2277.png,2
-2.776215341000824,121.63151517174818,2011,train_test_data/train/2099.png,2
-1.2162758193800258,120.18164098295954,2004,train_test_data/train/1062.png,2
1.0179240838267192,100.68295628791316,2005,train_test_data/train/398.png,2
-0.8595425255741765,102.58075204942764,2010,train_test_data/train/972.png,2
-4.190066923533808,122.22340469720488,2011,train_test_data/train/1144.png,2
2.0129723524485312,100.77184575329905,2012,train_test_data/train/2317.png,2
-2.7912713926287163,140.59990534003526,2010,train_test_data/train/2136.png,2
1.456576539549142,128.37078123666262,2016,train_test_data/train/2151.png,2
-0.2841017383740978,101.85820741549637,2011,train_test_data/train/1406.png,2
-0.3514690760413394,109.64141773315596,2006,train_test_data/train/1092.png,2
-4.856788102100211,103.70658458197155,2008,train_test_data/train/2177.png,2
0.6579313544254078,124.04743360262964,2016,train_test_data/train/1786.png,2
1.118678180412792,101.1260288722073,2006,train_test_data/train/804.png,2
0.603537899958132,124.22324264183088,2002,train_test_data/train/541.png,2
-1.9908615740751248,102.01300446108984,2014,train_test_data/train/993.png,2
-2.4373902835155503,120.973466407679,2011,train_test_data/train/1611.png,2
-2.9453215621165705,119.16417246854267,2014,train_test_data/train/581.png,2
1.102190442659086,101.00298718195634,2012,train_test_data/train/1090.png,2
-0.8757973444558655,135.95420486829374,2016,train_test_data/train/1876.png,2
4.1048976712454746,96.9418947490557,2007,train_test_data/train/1859.png,2
-1.9920377509480864,124.40304920749674,2014,train_test_data/train/1900.png,2
-0.5877467980241581,102.82539568322431,2009,train_test_data/train/362.png,2
-0.0959737106291682,100.04474437169225,2007,train_test_data/train/22.png,2
-0.943253333809548,102.2514575948328,2015,train_test_data/train/1532.png,2
0.1737627586713364,99.52290591417734,2004,train_test_data/train/1332.png,2
-0.8809880987330929,111.41182335693767,2015,train_test_data/train/164.png,2
1.5599042147520696,109.29875129076105,2012,train_test_data/train/1292.png,2
-2.2734599044565966,101.87124392312823,2016,train_test_data/train/1074.png,2
-0.1318801725396945,102.31091344712704,2003,train_test_data/train/86.png,2
-1.7274848178502442,119.43717048338658,2013,train_test_data/train/498.png,2
-6.764616251300295,106.26252344225392,2009,train_test_data/train/1785.png,2
1.7837674016456055,101.73038808657834,2013,train_test_data/train/1443.png,2
-4.627611245043363,121.71034608091,2001,train_test_data/train/134.png,2
-1.6285271114323734,105.55360387520392,2008,train_test_data/train/1678.png,2
1.8018381619986747,100.89220232687698,2002,train_test_data/train/2040.png,2
0.2588854941081108,99.9880319311752,2013,train_test_data/train/528.png,2
-1.8113100275397056,104.14780136872751,2013,train_test_data/train/1277.png,2
-4.355535782367857,121.8826329389188,2004,train_test_data/train/1637.png,2
-2.2924606394231053,119.32103225652506,2015,train_test_data/train/661.png,2
-0.8472879808334127,115.43239002165213,2015,train_test_data/train/2210.png,2
-0.3460338743250118,127.14300882209228,2013,train_test_data/train/789.png,2
-2.7794119359110403,121.65868172313212,2016,train_test_data/train/2217.png,2
-3.0267076574658778,112.98974564955836,2016,train_test_data/train/1817.png,2
1.9819867987448296,100.86313851389386,2011,train_test_data/train/2346.png,2
1.3226948936650416,100.65197928036596,2010,train_test_data/train/1118.png,2
3.3936886080727096,117.01729170943992,2008,train_test_data/train/1759.png,2
-1.5223905329823877,101.8140806868648,2006,train_test_data/train/1227.png,2
1.7770625517694754,100.77618009960172,2009,train_test_data/train/1059.png,2
3.205281448328915,98.83603420745092,2013,train_test_data/train/1749.png,2
2.7143858135489447,99.80074330401062,2010,train_test_data/train/1065.png,2
1.9376446735722497,101.29098372239714,2007,train_test_data/train/447.png,2
-3.077655889804946,114.63432781684156,2016,train_test_data/train/991.png,2
-1.5932683183452516,110.45761563130309,2010,train_test_data/train/302.png,2
-3.262700915117537,102.47525649643303,2014,train_test_data/train/1383.png,2
-2.113229082232058,111.047938792287,2010,train_test_data/train/790.png,2
2.116765465871003,100.43220167129373,2010,train_test_data/train/1628.png,2
-4.202200081680626,122.73144210991616,2006,train_test_data/train/288.png,2
-0.908891963681034,102.16316453161107,2007,train_test_data/train/1477.png,2
0.9180718844040884,110.8321915333941,2009,train_test_data/train/1783.png,2
-1.8386390053707773,120.6481444021439,2001,train_test_data/train/793.png,2
0.8669880267011434,118.27969123979858,2016,train_test_data/train/1626.png,2
-0.1292265569003804,99.7877155542832,2009,train_test_data/train/658.png,2
0.8171499343871285,122.70115415247064,2005,train_test_data/train/122.png,2
1.9339410130503447,101.25528939967673,2007,train_test_data/train/564.png,2
-0.2700565064897162,102.04769590147184,2001,train_test_data/train/1018.png,2
-2.496339291891329,114.52050553641622,2016,train_test_data/train/382.png,2
-1.0517253525621792,101.83979763828953,2007,train_test_data/train/396.png,2
3.8990110784135816,98.1358039766818,2009,train_test_data/train/1913.png,2
-0.6972190954595283,102.00332158153972,2001,train_test_data/train/640.png,2
-2.5011099970312967,112.90007035453232,2011,train_test_data/train/826.png,2
0.95381168671239,110.21052361545088,2013,train_test_data/train/1080.png,2
-2.004766245525514,119.33264027113822,2005,train_test_data/train/869.png,2
-2.13997360461327,103.43369068803352,2006,train_test_data/train/175.png,2
0.373041435887409,111.3876191029516,2016,train_test_data/train/608.png,2
1.904143346948276,109.38266531781666,2009,train_test_data/train/1846.png,2
-4.670967664337079,103.72253697640596,2004,train_test_data/train/182.png,2
-4.039602474190762,121.65195145046394,2015,train_test_data/train/1226.png,2
-6.201257296118783,140.87856392662917,2002,train_test_data/train/2284.png,2
-3.3278857195697653,102.20070105357908,2001,train_test_data/train/2178.png,2
0.5911312487072441,100.35978354183298,2013,train_test_data/train/1503.png,2
-1.4313715283713946,119.51563499636076,2002,train_test_data/train/1481.png,2
-4.420366046202743,121.77813519803786,2016,train_test_data/train/571.png,2
-7.436785655107242,107.7618116514494,2005,train_test_data/train/8.png,2
-4.87839699136736,122.86747824260048,2006,train_test_data/train/12.png,2
1.1635558297276216,101.019623775509,2009,train_test_data/train/98.png,2
2.2495349367394435,100.95611790241594,2012,train_test_data/train/2083.png,2
-1.6501672946995336,105.5479970487275,2002,train_test_data/train/1928.png,2
2.8075878085117103,117.50173414731624,2006,train_test_data/train/861.png,2
1.4641631119614618,101.5498602778985,2007,train_test_data/train/1717.png,2
-0.8690584969786843,102.66807464940604,2004,train_test_data/train/729.png,2
4.239053308887935,117.39843975626698,2005,train_test_data/train/2261.png,2
-2.3576669973980624,112.85700136179348,2007,train_test_data/train/772.png,2
-1.3361825732007453,110.61922141620208,2016,train_test_data/train/695.png,2
4.641742887840262,97.66003232223213,2005,train_test_data/train/1051.png,2
3.6486163593211214,97.65963644397934,2013,train_test_data/train/402.png,2
-8.266798926241487,111.81496038497076,2008,train_test_data/train/1019.png,2
-3.248645898281997,102.16334585154458,2014,train_test_data/train/2137.png,2
1.9152232355649297,101.2563295354146,2005,train_test_data/train/1283.png,2
0.5429712772930708,120.91251859026028,2004,train_test_data/train/1656.png,2
-2.230541573971078,100.95763627331488,2011,train_test_data/train/569.png,2
-1.0968579365081383,115.59984340049256,2014,train_test_data/train/213.png,2
-0.5723708580959447,102.74421548729458,2007,train_test_data/train/1523.png,2
0.1747570122722779,102.5207126197147,2005,train_test_data/train/589.png,2
-0.6877472472661242,100.99544325681389,2005,train_test_data/train/1256.png,2
-4.867652714126178,139.50077285961086,2015,train_test_data/train/274.png,2
-2.227438169534461,104.03757614654668,2016,train_test_data/train/260.png,2
-0.1207986961642882,104.60081982968964,2008,train_test_data/train/1600.png,2
1.98728802920416,100.4504275809312,2010,train_test_data/train/1911.png,2
1.308742714966444,100.14707371149449,2008,train_test_data/train/590.png,2
0.7862175511382882,101.16826729754057,2006,train_test_data/train/1545.png,2
0.4781402970182695,100.7126187613879,2005,train_test_data/train/1462.png,2
0.8218612860553451,101.95773590969615,2013,train_test_data/train/2006.png,2
0.9233197708664148,120.86718361225503,2012,train_test_data/train/113.png,2
0.3441094468658797,101.64608433082168,2005,train_test_data/train/735.png,2
-0.9797941949462126,102.1575695839216,2007,train_test_data/train/1603.png,2
-2.4573925896600066,111.39881070789124,2009,train_test_data/train/2086.png,2
-3.6725341208881206,121.66885514372473,2015,train_test_data/train/723.png,2
-0.3068288375506617,102.43659864718887,2009,train_test_data/train/1835.png,2
-0.7015999418785608,102.0136772013171,2006,train_test_data/train/465.png,2
1.2007063809271237,121.2095016231902,2015,train_test_data/train/1823.png,2
-1.4415485004699795,102.6659399881202,2007,train_test_data/train/110.png,2
-1.5143136355786198,116.15882071898804,2002,train_test_data/train/1962.png,2
-1.9289871677517008,100.96082986584064,2006,train_test_data/train/1096.png,2
-2.0237308502478184,102.48958315972294,2007,train_test_data/train/701.png,2
0.4868653695385314,112.23690347762287,2005,train_test_data/train/1491.png,2
-2.9468747503129262,101.744909548432,2010,train_test_data/train/385.png,2
1.792522665335366,101.67597016706108,2014,train_test_data/train/1471.png,2
0.6146009011635378,113.22115494756692,2015,train_test_data/train/1908.png,2
-2.231905568192732,103.1038997177854,2016,train_test_data/train/2190.png,2
-0.1332083162035729,102.023182681141,2008,train_test_data/train/1030.png,2
-0.6037256218481799,102.70487509403829,2010,train_test_data/train/1392.png,2
-2.7222327172789647,121.1317617653886,2016,train_test_data/train/1791.png,2
1.003078250176089,104.07610473682573,2005,train_test_data/train/1014.png,2
-1.5007696765266003,116.15358046349527,2009,train_test_data/train/2263.png,2
-2.26522549684073,112.24454553488974,2007,train_test_data/train/1088.png,2
-1.7784714417835052,103.98646254803404,2007,train_test_data/train/495.png,2
1.1180787737781253,121.29192803927675,2004,train_test_data/train/2241.png,2
-0.2544651915028338,101.7624705810296,2008,train_test_data/train/1082.png,2
-4.152188644407623,121.71299835678634,2009,train_test_data/train/341.png,2
-1.2032812690987047,101.42163794756893,2016,train_test_data/train/911.png,2
1.241119756590621,100.9510857573695,2009,train_test_data/train/944.png,2
2.3024625991234378,97.80492736865396,2007,train_test_data/train/948.png,2
1.2250709780533535,100.97230238492492,2013,train_test_data/train/1052.png,2
0.6009296249520213,100.4791532390742,2004,train_test_data/train/1841.png,2
0.272117102520513,101.42697217526188,2008,train_test_data/train/2335.png,2
1.8104138382013448,101.70024960879611,2013,train_test_data/train/1576.png,2
2.5734988219832493,98.01972837140684,2006,train_test_data/train/511.png,2
-1.1384659561308144,102.89060719178286,2016,train_test_data/train/756.png,2
1.5839964429826672,101.23047984375472,2010,train_test_data/train/1696.png,2
0.931695677104737,99.95879805688408,2004,train_test_data/train/1797.png,2
-5.605063011587103,104.49138556458604,2004,train_test_data/train/943.png,2
-1.097476095228766,114.90394830161316,2002,train_test_data/train/2325.png,2
1.7960511270750177,98.6761097040342,2012,train_test_data/train/1237.png,2
0.9665094580442511,100.90949708333108,2004,train_test_data/train/2296.png,2
2.057868022594291,101.16338270818316,2012,train_test_data/train/1326.png,2
1.3806948361997229,101.52647621371663,2007,train_test_data/train/127.png,2
0.2915248410059488,100.14814944404722,2016,train_test_data/train/1087.png,2
-4.195794434762198,121.81975138110408,2004,train_test_data/train/824.png,2
-2.1342697384872933,120.6834481928098,2003,train_test_data/train/1778.png,2
0.4145012025804711,109.01945304921676,2014,train_test_data/train/1695.png,2
-0.5111466944409842,102.02828086789604,2005,train_test_data/train/2130.png,2
0.1378534897642669,103.29175140447472,2012,train_test_data/train/1225.png,2
1.5010420001938805,101.90770964683448,2010,train_test_data/train/766.png,2
1.9070171817571624,117.19945625188863,2015,train_test_data/train/750.png,2
-0.1004700378827039,103.01943647024272,2010,train_test_data/train/1426.png,2
-1.6755879121336228,101.62780946428472,2011,train_test_data/train/160.png,2
-0.2289826219036447,101.89976016031896,2016,train_test_data/train/1688.png,2
1.8161960449576289,100.7215986083455,2009,train_test_data/train/2005.png,2
1.7872307119641953,100.84512198482928,2008,train_test_data/train/1993.png,2
-2.4750358388743563,121.01833951544516,2016,train_test_data/train/553.png,2
4.4999753587815805,96.6930671645724,2009,train_test_data/train/235.png,2
-1.2957663149395335,101.49832752600597,2007,train_test_data/train/196.png,2
1.180460083807478,102.0309186651933,2009,train_test_data/train/1272.png,2
-2.91720508525648,121.08822905983406,2015,train_test_data/train/891.png,2
-4.354861867833457,103.7283786678565,2008,train_test_data/train/381.png,2
-1.7234133585448494,101.29775944574637,2007,train_test_data/train/540.png,2
-2.180695923759279,101.0337894995078,2009,train_test_data/train/950.png,2
-0.0932637904968332,103.04273371462396,2010,train_test_data/train/1394.png,2
-2.0703520376835662,111.30205025055858,2014,train_test_data/train/2168.png,2
0.7779000762423205,111.31713278740858,2008,train_test_data/train/1686.png,2
-1.9052739711337456,103.51510314422728,2005,train_test_data/train/1037.png,2
0.7749571341244239,124.40815531323668,2013,train_test_data/train/1839.png,2
1.082145917622004,100.92686409703688,2013,train_test_data/train/2200.png,2
-0.0448361760225403,103.1525696317466,2008,train_test_data/train/1762.png,2
-2.23749030133464,104.08840037537136,2015,train_test_data/train/632.png,2
-2.89127689638889,115.43510901076624,2016,train_test_data/train/1669.png,2
-1.7217374435367845,120.57142827688013,2016,train_test_data/train/1040.png,2
0.6878594389076098,99.66004085126804,2011,train_test_data/train/2226.png,2
0.4900907008675273,124.44475716948811,2010,train_test_data/train/1167.png,2
0.494723333472037,115.24989836528448,2016,train_test_data/train/2202.png,2
1.1116987789382748,101.129999066437,2009,train_test_data/train/212.png,2
-1.748656543586792,100.85807902993405,2003,train_test_data/train/958.png,2
-0.3891832434754725,102.29804042473098,2016,train_test_data/train/1360.png,2
-4.732968899318911,103.43231343079675,2002,train_test_data/train/269.png,2
4.606838982207784,97.6064322240852,2016,train_test_data/train/598.png,2
-0.976330779217738,102.2243720440428,2015,train_test_data/train/1813.png,2
0.4364205074676473,100.24806927220108,2016,train_test_data/train/2244.png,2
-0.9953304626520192,101.38331142336462,2003,train_test_data/train/1195.png,2
-1.5806101694161838,127.44181210258894,2002,train_test_data/train/668.png,2
1.7717881887036482,109.31077327271532,2009,train_test_data/train/1056.png,2
-3.0882670325825767,107.7004118017798,2016,train_test_data/train/698.png,2
1.0577211146385197,109.14673758761184,2011,train_test_data/train/242.png,2
-1.8495301723700992,102.05039604094272,2011,train_test_data/train/592.png,2
-1.2997506160905603,102.61549813602127,2016,train_test_data/train/236.png,2
1.0589874421548786,120.88577125267564,2002,train_test_data/train/56.png,2
2.5813264011985693,98.02526191611612,2004,train_test_data/train/686.png,2
3.2950087660688125,97.84580330346029,2010,train_test_data/train/908.png,2
-2.569178942683439,101.87866785729771,2012,train_test_data/train/847.png,2
-1.5863633359688751,101.40474004626076,2015,train_test_data/train/1733.png,2
1.6863460412991351,115.03390707904468,2016,train_test_data/train/798.png,2
-3.06405938884118,107.93600792687052,2010,train_test_data/train/1317.png,2
-0.8717240427313996,102.9082673423847,2012,train_test_data/train/683.png,2
0.5872375428745982,101.34006740236582,2005,train_test_data/train/572.png,2
-1.7823146385091897,101.1732529473674,2008,train_test_data/train/1675.png,2
-2.7052273233159085,121.15180561531572,2015,train_test_data/train/1834.png,2
-0.7722839196317351,102.5930402539183,2005,train_test_data/train/1420.png,2
0.2603573916690263,101.04722145185131,2007,train_test_data/train/746.png,2
2.1913452135049862,117.55078435165224,2005,train_test_data/train/283.png,2
1.807724994009393,100.85737143027698,2011,train_test_data/train/1996.png,2
-1.187992214087512,119.58081109731732,2001,train_test_data/train/1239.png,2
-4.7647824150025615,122.96735705384395,2003,train_test_data/train/1430.png,2
1.3678007733360538,100.65898378021411,2006,train_test_data/train/1307.png,2
-8.314456608187195,140.2312379328927,2011,train_test_data/train/1607.png,2
-2.9320442512367366,102.10317770054684,2004,train_test_data/train/1898.png,2
-1.9324941989360227,103.22538684029212,2013,train_test_data/train/757.png,2
2.109785241294074,101.18559914792988,2012,train_test_data/train/107.png,2
0.1096574078164795,112.14419784926228,2015,train_test_data/train/568.png,2
-3.2786792370091207,120.13890092884051,2012,train_test_data/train/1112.png,2
-1.9046017922713667,101.48992647176694,2004,train_test_data/train/201.png,2
-4.848240373808496,137.69850087138755,2009,train_test_data/train/1035.png,2
2.2707512592857224,100.93281180338133,2012,train_test_data/train/2274.png,2
2.491116347748417,97.87786734267338,2010,train_test_data/train/1468.png,2
1.7289252416655871,101.10518681335397,2008,train_test_data/train/1641.png,2
1.846893334703627,100.7997759248778,2007,train_test_data/train/1880.png,2
1.1964116338319462,99.284051570265,2013,train_test_data/train/704.png,2
-0.6419827066896667,102.55785126869124,2016,train_test_data/train/116.png,2
0.415857791456696,119.89713036673788,2007,train_test_data/train/562.png,2
-3.5310749810514563,102.9329527761482,2015,train_test_data/train/441.png,2
0.4418862064735158,100.74768352744456,2005,train_test_data/train/1935.png,2
-4.212735335620149,122.24852190733807,2004,train_test_data/train/744.png,2
3.0008825057500315,97.5515152163827,2013,train_test_data/train/509.png,2
4.380248441468228,95.9024266854356,2008,train_test_data/train/857.png,2
-2.1081846989581883,111.4376255563364,2012,train_test_data/train/2176.png,2
-3.8382444567328178,121.3302621468344,2009,train_test_data/train/876.png,2
-4.697690806159383,103.42850930767112,2012,train_test_data/train/1011.png,2
0.7952914058942142,99.18962276585584,2001,train_test_data/train/1539.png,2
0.0740056106630222,111.53329754216864,2015,train_test_data/train/88.png,2
-1.781008699237613,103.9796775553304,2005,train_test_data/train/238.png,2
-4.355145582887482,121.79783280226783,2010,train_test_data/train/644.png,2
0.5752156379366831,110.8720935754206,2016,train_test_data/train/1027.png,2
0.7487634092915278,122.37963720439512,2004,train_test_data/train/1694.png,2
-2.9879729979532508,119.4844667830955,2015,train_test_data/train/602.png,2
-0.7954731980579788,102.70580035703072,2009,train_test_data/train/1463.png,2
-2.504497892592942,111.64123112168376,2002,train_test_data/train/520.png,2
0.3032616163053343,128.79375298819028,2014,train_test_data/train/46.png,2
1.0267549082216094,104.03665114218528,2003,train_test_data/train/951.png,2
0.997673341637448,100.90302545619308,2009,train_test_data/train/2294.png,2
2.7144835187580907,99.14746215014944,2004,train_test_data/train/472.png,2
-1.5474435324737228,102.40316145972096,2009,train_test_data/train/833.png,2
-1.3478249162961218,116.13317764817845,2016,train_test_data/train/926.png,2
-0.9342897579074916,101.32642742046563,2011,train_test_data/train/1363.png,2
0.0831522286405935,112.02942975398186,2016,train_test_data/train/2315.png,2
2.077976939309405,100.37273740689986,2005,train_test_data/train/987.png,2
-3.759597197588288,103.08510143394756,2008,train_test_data/train/578.png,2
1.10733829869498,109.13451329773731,2005,train_test_data/train/1772.png,2
-1.7831340350352591,103.9565800533556,2007,train_test_data/train/962.png,2
1.5238726461885712,101.87081273179186,2013,train_test_data/train/1243.png,2
-1.8207082352189168,104.1240203483637,2011,train_test_data/train/1335.png,2
-1.3794314702076107,119.96716268078194,2011,train_test_data/train/443.png,2
0.4390554969676429,124.12864002100648,2010,train_test_data/train/43.png,2
-2.9313350052175258,140.89540096717596,2010,train_test_data/train/2019.png,2
1.0263188771738123,100.98996746332637,2009,train_test_data/train/1222.png,2
-2.01190594467434,119.47495961300518,2012,train_test_data/train/875.png,2
-4.792293390906381,103.7200306767633,2009,train_test_data/train/2245.png,2
-2.494269046905939,120.67406079809076,2012,train_test_data/train/1784.png,2
2.8557482084996275,97.67119360037248,2011,train_test_data/train/563.png,2
-2.076644472793709,111.3506228001774,2014,train_test_data/train/2054.png,2
-1.7331170172262336,113.6650007095124,2011,train_test_data/train/1521.png,2
-1.3853269674249824,101.6643423846024,2006,train_test_data/train/93.png,2
-4.326146174018653,103.00915785982816,2011,train_test_data/train/1883.png,2
-3.4989985539710613,120.24364650443412,2005,train_test_data/train/820.png,2
-2.2343677773687807,119.3054646296592,2012,train_test_data/train/1345.png,2
-2.617453641436021,106.53615669433444,2015,train_test_data/train/464.png,2
-1.4008888459809,102.67172653524928,2007,train_test_data/train/621.png,2
-0.4304586586869944,102.77900081064772,2008,train_test_data/train/1850.png,2
-2.057374382860327,103.22341616113756,2007,train_test_data/train/406.png,2
1.8466240963629208,100.75290922636988,2007,train_test_data/train/2062.png,2
-4.105817805787458,121.8297962866304,2011,train_test_data/train/1165.png,2
-5.5315452472730975,105.09898057049811,2005,train_test_data/train/111.png,2
2.450517274338845,100.2927448387942,2009,train_test_data/train/1236.png,2
-2.879126286209593,121.5272293981342,2011,train_test_data/train/2251.png,2
1.169528940118172,101.52331862472788,2006,train_test_data/train/346.png,2
-1.0008448625844857,120.4497963874103,2002,train_test_data/train/1102.png,2
-4.312962658863019,103.07000483727282,2008,train_test_data/train/281.png,2
-0.4065374648572586,110.16817371878456,2003,train_test_data/train/1279.png,2
-1.942451032925796,100.98486407463707,2015,train_test_data/train/925.png,2
-1.0391939761950673,102.23899007426483,2015,train_test_data/train/368.png,2
-1.9626240528196968,105.3372199554783,2008,train_test_data/train/350.png,2
-3.316336118374684,121.13080920430131,2014,train_test_data/train/1196.png,2
-0.2548025843446269,102.39416423660404,2007,train_test_data/train/641.png,2
-2.568519613750853,101.14078845016245,2007,train_test_data/train/1569.png,2
-1.4650031785327609,119.4780845927008,2010,train_test_data/train/1625.png,2
-5.57339655088624,104.49697478071228,2002,train_test_data/train/1341.png,2
1.0731032013740296,102.00875871783305,2013,train_test_data/train/596.png,2
-2.7405245324324827,111.62483283037648,2005,train_test_data/train/1579.png,2
2.2492812063886896,100.40587482711037,2010,train_test_data/train/1537.png,2
0.5893278231851135,101.88995365794048,2011,train_test_data/train/2254.png,2
-1.633202124629435,101.58109827343814,2006,train_test_data/train/1031.png,2
-1.144780995638178,113.83996898811624,2007,train_test_data/train/1891.png,2
-1.5825847191642337,122.15663071819502,2015,train_test_data/train/843.png,2
-2.67862202763461,121.39505568416276,2011,train_test_data/train/256.png,2
-1.7551789507471238,100.85104839178392,2003,train_test_data/train/1134.png,2
0.4530193735089538,123.93878408009212,2009,train_test_data/train/2208.png,2
-1.1022049225554678,103.42783826510392,2001,train_test_data/train/1531.png,2
-3.613679563125425,119.92738113393057,2001,train_test_data/train/2212.png,2
-0.4921085792615152,109.22646046396312,2008,train_test_data/train/2159.png,2
-1.8082372079147,100.91682884951548,2011,train_test_data/train/2102.png,2
2.007627788630188,100.51703363231806,2010,train_test_data/train/1309.png,2
2.132358338364267,100.51001191906973,2009,train_test_data/train/399.png,2
0.5775326360210772,100.99799974925112,2008,train_test_data/train/2283.png,2
-1.7513998949369158,103.993973975317,2007,train_test_data/train/1303.png,2
0.0941051778843815,103.68303388726336,2004,train_test_data/train/3.png,2
3.389910505637335,97.7979207348291,2011,train_test_data/train/1677.png,2
-0.1463613324540268,101.17412599753412,2008,train_test_data/train/2155.png,2
1.0093749096341371,99.47020437385147,2015,train_test_data/train/2148.png,2
1.9982619954301264,100.60717957107944,2008,train_test_data/train/434.png,2
-4.202016491586346,121.76164259567491,2016,train_test_data/train/1138.png,2
-0.9939146234412116,121.43287282265058,2004,train_test_data/train/2239.png,2
-1.2761587220309298,120.23331173708334,2004,train_test_data/train/788.png,2
0.7602365278513699,101.84833969387132,2002,train_test_data/train/61.png,2
0.8192084104227527,101.90453888926632,2010,train_test_data/train/2051.png,2
-4.465336214601861,103.58544508089643,2016,train_test_data/train/2206.png,2
-3.3730222525156006,121.14578901998917,2005,train_test_data/train/1213.png,2
1.996635392318013,100.7748368650283,2011,train_test_data/train/2229.png,2
-2.25176159468144,110.54334804430854,2007,train_test_data/train/1458.png,2
2.632530943350765,97.85777406460414,2012,train_test_data/train/2344.png,2
2.462338318523981,97.92761832518264,2008,train_test_data/train/1221.png,2
-8.318461767900423,140.43642811570697,2004,train_test_data/train/547.png,2
-0.8629442524192477,101.6614226004582,2014,train_test_data/train/1638.png,2
-1.4453516734647438,100.7885494269432,2010,train_test_data/train/20.png,2
2.03514638690031,117.65942351460596,2016,train_test_data/train/2048.png,2
-2.64576362489902,140.304585375841,2013,train_test_data/train/1624.png,2
-0.0042070378288965,102.20678932125185,2005,train_test_data/train/877.png,2
2.00346465566772,100.539409899191,2009,train_test_data/train/327.png,2
1.9457330683538687,98.53315822625716,2007,train_test_data/train/1894.png,2
-3.612048543131986,102.95335451437865,2014,train_test_data/train/444.png,2
-0.8361385294427762,101.88835682929071,2012,train_test_data/train/2272.png,2
-0.8860802881104821,102.61162040837816,2015,train_test_data/train/1233.png,2
1.012787396795184,100.96745964192824,2003,train_test_data/train/233.png,2
-2.458903181230202,119.32996553737978,2004,train_test_data/train/734.png,2
-2.7865673855948936,112.77585937086084,2016,train_test_data/train/1416.png,2
-0.4819327574577849,102.0860735476534,2010,train_test_data/train/654.png,2
-4.240632564657192,122.051502153552,2004,train_test_data/train/799.png,2
2.0048493408735686,100.83230935149564,2006,train_test_data/train/2182.png,2
-0.2396033470436313,101.78084955935827,2010,train_test_data/train/1342.png,2
2.17083319348766,100.46071867279232,2005,train_test_data/train/1529.png,2
-1.3128818634014618,102.71208793812676,2006,train_test_data/train/1660.png,2
4.087058741930181,97.5949038446057,2011,train_test_data/train/1617.png,2
-0.8362741989259492,134.04903214758212,2006,train_test_data/train/692.png,2
1.915329458432016,98.76572307016284,2007,train_test_data/train/679.png,2
-0.8410769015763341,127.7139959829843,2013,train_test_data/train/888.png,2
-1.899402437798276,124.37687148346724,2016,train_test_data/train/311.png,2
0.8031760664058766,122.68440057242182,2014,train_test_data/train/1172.png,2
-0.1874245966672376,102.31740190544149,2012,train_test_data/train/526.png,2
-2.267171827188206,121.244131677393,2015,train_test_data/train/1083.png,2
-0.1034756724815222,99.86096104859394,2010,train_test_data/train/312.png,2
-1.1739143948466988,100.4192457697462,2012,train_test_data/train/1604.png,2
-1.5993682053878968,101.39983292610609,2016,train_test_data/train/1897.png,2
1.2261624750727529,100.15331621269576,2004,train_test_data/train/2259.png,2
-0.8962424264645616,101.85937709991605,2011,train_test_data/train/1399.png,2
1.3604606072752563,100.6119772824148,2006,train_test_data/train/697.png,2
1.3551213083313287,101.00146638389305,2010,train_test_data/train/504.png,2
-0.5764380738919344,102.68222767115844,2012,train_test_data/train/1807.png,2
0.6564757159008822,111.7701593275168,2012,train_test_data/train/1235.png,2
-2.640064182213836,101.45097396901018,2011,train_test_data/train/173.png,2
-1.5100061906846565,101.7922078692224,2003,train_test_data/train/779.png,2
1.526616298238178,101.62523211606955,2003,train_test_data/train/1997.png,2
-1.2071689237643592,119.58404503234014,2013,train_test_data/train/930.png,2
4.1390624078891936,96.20191241364265,2013,train_test_data/train/106.png,2
2.5756398881685474,100.1798850540571,2014,train_test_data/train/2221.png,2
-2.3993528202900265,101.32081348253789,2014,train_test_data/train/1724.png,2
-1.6135556197957142,102.6731357345504,2006,train_test_data/train/523.png,2
-1.7583983489157753,102.13386926340424,2010,train_test_data/train/296.png,2
-0.1610710843574097,111.54264218806334,2016,train_test_data/train/1690.png,2
0.0907653624462212,103.65353663353922,2005,train_test_data/train/1032.png,2
-1.490713358861576,100.7116732031579,2004,train_test_data/train/316.png,2
1.6132377313459858,100.88074785571536,2005,train_test_data/train/1743.png,2
-4.180658080785008,121.80635255431484,2009,train_test_data/train/314.png,2
1.7653820321501512,100.87821027545117,2010,train_test_data/train/1955.png,2
-0.9196002227362432,102.1627805574243,2007,train_test_data/train/1558.png,2
4.128921552631153,117.77398465060348,2016,train_test_data/train/300.png,2
1.736718580078504,127.90940650673882,2004,train_test_data/train/1106.png,2
2.3177352998234144,99.51598914390225,2015,train_test_data/train/774.png,2
-1.955938496387299,111.22320355927748,2016,train_test_data/train/1417.png,2
0.3593394106195862,123.31501451200474,2004,train_test_data/train/1613.png,2
2.429700666926939,98.05523802599204,2006,train_test_data/train/49.png,2
0.9853595214750518,101.99419833232189,2005,train_test_data/train/1836.png,2
2.8405956220939648,117.463557897203,2002,train_test_data/train/121.png,2
-0.2053123642260102,101.76672493982096,2008,train_test_data/train/1119.png,2
-0.9552310412304382,102.25751051214684,2014,train_test_data/train/1410.png,2
1.0657939611967544,101.11418871743652,2012,train_test_data/train/1331.png,2
1.1174748876512328,99.64858733139552,2006,train_test_data/train/1171.png,2
-1.678671003044326,105.42695548073011,2016,train_test_data/train/28.png,2
-2.3593822950557204,104.99784674747886,2003,train_test_data/train/76.png,2
1.941903790809551,109.46254566544714,2015,train_test_data/train/1801.png,2
0.2444259416073659,99.77885035946142,2011,train_test_data/train/347.png,2
-1.6332423643360832,99.18973430080506,2012,train_test_data/train/1609.png,2
0.3579316388409179,123.30239657213188,2004,train_test_data/train/1454.png,2
1.3651071753835835,98.84792868295636,2010,train_test_data/train/1719.png,2
1.5465361442503156,101.26733884728856,2012,train_test_data/train/1792.png,2
0.1104719825552546,103.66172012244508,2007,train_test_data/train/656.png,2
0.2448390115072546,109.86024505962352,2008,train_test_data/train/32.png,2
0.5324561084967384,99.1269598313188,2008,train_test_data/train/765.png,2
0.996817345142652,100.75916785663986,2009,train_test_data/train/736.png,2
0.980755180448204,100.8963730637106,2008,train_test_data/train/2322.png,2
1.4312205192602676,99.34992958211448,2016,train_test_data/train/407.png,2
1.7514685253950235,98.695518982113,2014,train_test_data/train/1323.png,2
1.96384201902564,109.49383089287814,2012,train_test_data/train/1595.png,2
-2.2071961961711453,100.9474755846295,2008,train_test_data/train/137.png,2
-0.2564548638630319,100.33822397501407,2011,train_test_data/train/2097.png,2
-4.615676667450233,121.72140140525757,2003,train_test_data/train/896.png,2
1.235480086293081,99.1870374299913,2016,train_test_data/train/517.png,2
0.9501800705550324,122.1552537724154,2015,train_test_data/train/1875.png,2
1.2817804092876508,100.96793742167664,2010,train_test_data/train/601.png,2
-3.946163232495884,136.39403928101194,2004,train_test_data/train/1723.png,2
-4.212356271803468,122.13325582035787,2004,train_test_data/train/384.png,2
-1.6938276741348148,120.70527725421393,2015,train_test_data/train/907.png,2
0.2439983424097378,102.24634757774004,2016,train_test_data/train/759.png,2
0.6147993818093198,100.4904367835322,2004,train_test_data/train/1825.png,2
-3.255646243572405,119.11835838905256,2011,train_test_data/train/1879.png,2
-2.601015550439989,112.76705056464706,2016,train_test_data/train/753.png,2
2.2166358225596485,101.00607813491976,2012,train_test_data/train/1212.png,2
1.280847900199854,100.17783912836929,2004,train_test_data/train/198.png,2
-2.600576583746061,112.90431374345772,2015,train_test_data/train/846.png,2
-0.5884645936442905,102.807083119973,2005,train_test_data/train/1218.png,2
0.7072008803160219,102.00097610953443,2002,train_test_data/train/1215.png,2
2.284961434200266,100.34940800030137,2010,train_test_data/train/1560.png,2
2.798870069876694,117.497991686501,2006,train_test_data/train/961.png,2
1.4293445192531071,101.6912215401907,2004,train_test_data/train/2306.png,2
-0.9269740986711876,101.42460602754248,2005,train_test_data/train/1091.png,2
-2.5062261635691425,121.91798610792368,2014,train_test_data/train/1789.png,2
1.939772994601726,100.7085168187656,2010,train_test_data/train/1972.png,2
-8.131381892466282,113.95026072798456,2007,train_test_data/train/552.png,2
-1.327856533309397,102.56138785067192,2011,train_test_data/train/922.png,2
2.0321463668826447,100.8130813060346,2012,train_test_data/train/2193.png,2
1.5167245629355168,101.31438856757627,2009,train_test_data/train/1654.png,2
-5.175111591018148,104.41069139980571,2004,train_test_data/train/159.png,2
0.8918536428112096,124.53664160083213,2016,train_test_data/train/1592.png,2
0.1434498300921342,101.41382899320509,2016,train_test_data/train/2052.png,2
-0.7728257781612802,103.06054648919614,2009,train_test_data/train/2068.png,2
-1.0944623441971468,113.78492579994236,2009,train_test_data/train/391.png,2
-2.091781473043207,101.16166468020224,2011,train_test_data/train/271.png,2
-0.0837647080638122,111.02503175254196,2012,train_test_data/train/2127.png,2
-0.9351199887108904,101.92400673555136,2013,train_test_data/train/579.png,2
0.3041065805664406,102.20246178219529,2010,train_test_data/train/1803.png,2
1.0555276556659052,120.84757039521844,2011,train_test_data/train/1179.png,2
-3.3851353638395287,118.93865041646448,2016,train_test_data/train/916.png,2
-5.346673125320115,104.52259902632493,2010,train_test_data/train/202.png,2
1.1082001473537308,101.0034996354026,2009,train_test_data/train/990.png,2
0.3419581741762783,103.08031241535512,2011,train_test_data/train/2172.png,2
-2.374830344933532,101.23351182707552,2007,train_test_data/train/1829.png,2
-1.913859681480632,119.3777709731553,2008,train_test_data/train/1067.png,2
-0.3079144261867651,109.43057097322156,2012,train_test_data/train/432.png,2
-0.9088687285098808,101.71299861248193,2012,train_test_data/train/868.png,2
1.1382087343467964,101.03331529268957,2008,train_test_data/train/27.png,2
1.8265754647404373,100.71709790204184,2010,train_test_data/train/2060.png,2
4.029410636179399,117.03091518303192,2005,train_test_data/train/914.png,2
3.288105534235772,97.85425499228508,2010,train_test_data/train/1351.png,2
1.610975422335009,99.4076469224408,2005,train_test_data/train/1097.png,2
-1.608650186575514,102.68505768285496,2006,train_test_data/train/604.png,2
-2.2775067843738244,103.3996886349251,2016,train_test_data/train/1017.png,2
2.0105386328050203,100.58316097243788,2005,train_test_data/train/1250.png,2
-2.3998296495356173,111.44455980779748,2006,train_test_data/train/2327.png,2
-1.5023453033632457,100.71658728072244,2002,train_test_data/train/1322.png,2
-8.083078110476638,113.96469793790789,2006,train_test_data/train/913.png,2
1.0568844342340178,111.17150205961764,2014,train_test_data/train/1659.png,2
-5.2013525169704815,122.3970744287962,2015,train_test_data/train/428.png,2
0.1870135549481606,99.53458630943744,2010,train_test_data/train/795.png,2
-2.223091002050675,119.37667230288685,2003,train_test_data/train/2082.png,2
-1.00237121305054,110.79723471700676,2002,train_test_data/train/120.png,2
2.2116241132272263,100.42768965728212,2014,train_test_data/train/1610.png,2
1.379951499256926,109.17373869926423,2015,train_test_data/train/910.png,2
-2.284138144804392,113.9576349568068,2009,train_test_data/train/1058.png,2
-0.0474693226704089,119.65848542555084,2005,train_test_data/train/115.png,2
1.8329281595331048,98.62841128767012,2012,train_test_data/train/2034.png,2
2.6875208141544644,98.09868445934008,2010,train_test_data/train/125.png,2
0.1467869109626445,102.52285287626484,2007,train_test_data/train/400.png,2
-3.935697671592911,102.89953160862476,2016,train_test_data/train/31.png,2
-2.973800952405808,121.42422592555332,2015,train_test_data/train/884.png,2
0.2101013307787928,101.53491547338504,2004,train_test_data/train/1662.png,2
0.8710108267791075,120.65461227218957,2008,train_test_data/train/2091.png,2
-3.5174770250154017,116.0786123017697,2007,train_test_data/train/760.png,2
1.1565414462280377,101.5474461789673,2007,train_test_data/train/408.png,2
2.0189178085464983,101.26901134764272,2006,train_test_data/train/626.png,2
0.9916240248009376,102.21134608969594,2008,train_test_data/train/1148.png,2
-2.5781508662789294,111.5738364211103,2013,train_test_data/train/1533.png,2
1.8831619247934872,100.6300866108245,2010,train_test_data/train/2026.png,2
2.9406146564686853,97.49974231217465,2011,train_test_data/train/75.png,2
-1.3411383111895054,122.41420979284078,2006,train_test_data/train/294.png,2
2.4488844436114072,97.946336416613,2009,train_test_data/train/249.png,2
-1.604061914425711,127.4286246515313,2013,train_test_data/train/1128.png,2
4.115364822265883,96.21434834163908,2008,train_test_data/train/1164.png,2
-8.022043821522297,114.0587174331823,2012,train_test_data/train/65.png,2
-2.1426860793062987,111.27723376855852,2002,train_test_data/train/2046.png,2
-6.044427853131405,134.36708067392462,2005,train_test_data/train/1408.png,2
-0.920517936455488,101.86001760489508,2013,train_test_data/train/1480.png,2
4.051743729737832,117.65786730935832,2004,train_test_data/train/546.png,2
2.6486657087748364,98.41252795832916,2009,train_test_data/train/872.png,2
-2.9072299031062108,121.55606379765112,2015,train_test_data/train/2142.png,2
-3.3641961105431903,102.21791876319138,2004,train_test_data/train/2063.png,2
-1.7131061757092902,115.2473211460141,2004,train_test_data/train/897.png,2
-1.0419453474858973,101.89052218694653,2008,train_test_data/train/503.png,2
-1.4499653909802015,120.7993308644612,2001,train_test_data/train/132.png,2
-5.2015529642518095,122.92938894721348,2006,train_test_data/train/2275.png,2
-2.598689143443884,101.80632099320376,2012,train_test_data/train/2119.png,2
-4.153372573738029,121.82093419069412,2006,train_test_data/train/1232.png,2
1.2708730784205575,121.10503878458816,2008,train_test_data/train/1763.png,2
-1.7437788599912845,120.5629921750132,2004,train_test_data/train/754.png,2
-4.4118075178875085,121.99478054763604,2004,train_test_data/train/463.png,2
0.099902262192163,103.66404051526432,2011,train_test_data/train/488.png,2
-3.797006581497887,121.26666655794892,2011,train_test_data/train/2067.png,2
-1.6183565286529995,120.35158010004804,2012,train_test_data/train/162.png,2
2.731399146790152,97.982539597578,2016,train_test_data/train/295.png,2
1.134430323832178,101.08870731849667,2010,train_test_data/train/1150.png,2
0.3274086374028859,101.85520899530673,2014,train_test_data/train/1564.png,2
0.8666422865953795,102.50496065644388,2014,train_test_data/train/2288.png,2
4.254705644950026,96.02970471757332,2009,train_test_data/train/41.png,2
0.8272228027851727,111.32129686956856,2008,train_test_data/train/81.png,2
-2.4614557929910794,112.12191963021613,2005,train_test_data/train/1680.png,2
-0.9341215435988856,101.33199654580262,2015,train_test_data/train/1115.png,2
2.078752776470993,100.53221720224536,2006,train_test_data/train/937.png,2
1.8778719400875388,100.54035295441722,2010,train_test_data/train/2101.png,2
0.8262295566627726,101.88124966945828,2009,train_test_data/train/2305.png,2
-3.1184220188963865,101.84394075296154,2006,train_test_data/train/317.png,2
-3.44111904994604,115.63648170533313,2006,train_test_data/train/1698.png,2
-5.168410250896828,122.39045666988304,2012,train_test_data/train/1216.png,2
1.1249001012996704,99.66901648682656,2008,train_test_data/train/484.png,2
-1.7231419282259468,102.66342325642906,2011,train_test_data/train/457.png,2
-0.9143992992998794,102.8222301792702,2008,train_test_data/train/928.png,2
3.770560181633923,96.63824482057986,2012,train_test_data/train/763.png,2
1.874655919797112,98.62873094498914,2010,train_test_data/train/2201.png,2
-1.5509267282223356,99.1890990635684,2010,train_test_data/train/974.png,2
-4.419833019523878,122.99466070525104,2013,train_test_data/train/87.png,2
-0.814618222846797,102.71351172770773,2006,train_test_data/train/1391.png,2
2.7206889144542377,99.84804912028214,2006,train_test_data/train/878.png,2
0.7438191254312237,120.4763775366674,2016,train_test_data/train/519.png,2
-1.062986339996704,102.33500632308456,2015,train_test_data/train/207.png,2
-0.3622875579954331,100.85797598788672,2008,train_test_data/train/183.png,2
-0.718173083843275,102.78002884238762,2010,train_test_data/train/1041.png,2
1.5223437360461145,101.31680372976972,2008,train_test_data/train/1467.png,2
-2.452986637804388,112.91339626096914,2012,train_test_data/train/1779.png,2
2.099100310770278,117.14522857097676,2015,train_test_data/train/1737.png,2
0.9241985841603731,100.89715074042311,2002,train_test_data/train/1966.png,2
2.257613492526967,117.48998227352912,2002,train_test_data/train/1079.png,2
1.2287955647074948,100.17903098377572,2003,train_test_data/train/2134.png,2
1.290635312987995,101.44348063325816,2011,train_test_data/train/45.png,2
1.6225654374791314,101.11385606366616,2012,train_test_data/train/1974.png,2
-0.4183858896492432,102.66643053282698,2001,train_test_data/train/1573.png,2
1.4206538293280393,97.28053841092805,2016,train_test_data/train/11.png,2
0.942729613857826,100.67845661118253,2007,train_test_data/train/1357.png,2
-4.433012812251288,121.70630932628752,2004,train_test_data/train/1248.png,2
0.2156377664901616,99.9134486828006,2002,train_test_data/train/1275.png,2
1.4929005914804594,102.36205795535425,2015,train_test_data/train/631.png,2
-4.799797148026767,103.84766047554588,2014,train_test_data/train/2123.png,2
-1.4407020782172888,101.80738484256727,2011,train_test_data/train/392.png,2
1.3497386884724598,101.42694261527654,2011,train_test_data/train/177.png,2
-8.261647042331022,113.77953590823763,2004,train_test_data/train/890.png,2
1.0838420489679073,101.13619744189744,2005,train_test_data/train/1078.png,2
-1.9783491112574707,101.9701484359098,2012,train_test_data/train/1170.png,2
0.7809807752376973,123.36855749280728,2013,train_test_data/train/273.png,2
